{
  "principalPoint": {
    "x": 0,
    "y": 0
  },
  "viewTransform": {
    "rows": [
      [
        -0.9964578347451443,
        0.011611770584643735,
        -0.08328835668271974,
        0.45587751688128847
      ],
      [
        0.00045203026391657866,
        0.9911462272990251,
        0.13277406290217053,
        0.46410343693080247
      ],
      [
        0.08409268246202427,
        0.13226610637195996,
        -0.9876406724419273,
        -10
      ],
      [
        0,
        0,
        0,
        1
      ]
    ]
  },
  "cameraTransform": {
    "rows": [
      [
        -0.9964578347451447,
        0.0004520302639165789,
        0.08409268246202431,
        1.2949797592016847
      ],
      [
        0.01161177058464374,
        0.9911462272990254,
        0.13226610637196004,
        0.8573731479884016
      ],
      [
        -0.08328835668271975,
        0.1327740629021705,
        -0.9876406724419275,
        -9.900058334117798
      ],
      [
        0,
        0,
        0,
        1
      ]
    ]
  },
  "horizontalFieldOfView": 0.43748595413499114,
  "verticalFieldOfView": 0.3304107367305915,
  "vanishingPoints": [
    {
      "x": -0.39492132898528165,
      "y": -33.70931094878228
    },
    {
      "x": -0.37935519770722925,
      "y": 0.6047487654789473
    },
    {
      "x": 53.30420027887828,
      "y": -0.024180763981949616
    }
  ],
  "vanishingPointAxes": [
    "yNegative",
    "zPositive",
    "xNegative"
  ],
  "relativeFocalLength": 4.498427361043638,
  "imageWidth": 4032,
  "imageHeight": 3024
}